2002 > CADILLAC > ESCALADE > V8-325 5.3L > Drivetrain > Transfer Case Input Shaft Seal,
2003 > CADILLAC > ESCALADE > V8-325 5.3L > Drivetrain > Transfer Case Input Shaft Seal,
2004 > CADILLAC > ESCALADE > V8-325 5.3L > Drivetrain > Transfer Case Input Shaft Seal,
2005 > CADILLAC > ESCALADE > V8-325 5.3L > Drivetrain > Transfer Case Input Shaft Seal,
1999 > CADILLAC > ESCALADE > V8-350 5.7L > Drivetrain > Transfer Case Input Shaft Seal,
2000 > CADILLAC > ESCALADE > V8-350 5.7L > Drivetrain > Transfer Case Input Shaft Seal,
2002 > CADILLAC > ESCALADE > V8-364 6.0L > Drivetrain > Transfer Case Input Shaft Seal,
2003 > CADILLAC > ESCALADE > V8-364 6.0L > Drivetrain > Transfer Case Input Shaft Seal, 
2004 > CADILLAC > ESCALADE > V8-364 6.0L > Drivetrain > Transfer Case Input Shaft Seal, 
2005 > CADILLAC > ESCALADE > V8-364 6.0L > Drivetrain > Transfer Case Input Shaft Seal, 
2006 > CADILLAC > ESCALADE > V8-364 6.0L > Drivetrain > Transfer Case Input Shaft Seal, 
2003 > CADILLAC > ESCALADE ESV > V8-364 6.0L > Drivetrain > Transfer Case Input Shaft Seal,
2004 > CADILLAC > ESCALADE ESV > V8-364 6.0L > Drivetrain > Transfer Case Input Shaft Seal,
2005 > CADILLAC > ESCALADE ESV > V8-364 6.0L > Drivetrain > Transfer Case Input Shaft Seal,
2006 > CADILLAC > ESCALADE ESV > V8-364 6.0L > Drivetrain > Transfer Case Input Shaft Seal,
2002 > CADILLAC > ESCALADE EXT > V8-364 6.0L > Drivetrain > Transfer Case Input Shaft Seal, 
2003 > CADILLAC > ESCALADE EXT > V8-364 6.0L > Drivetrain > Transfer Case Input Shaft Seal, 
2004 > CADILLAC > ESCALADE EXT > V8-364 6.0L > Drivetrain > Transfer Case Input Shaft Seal, 
2005 > CADILLAC > ESCALADE EXT > V8-364 6.0L > Drivetrain > Transfer Case Input Shaft Seal, 
2006 > CADILLAC > ESCALADE EXT > V8-364 6.0L > Drivetrain > Transfer Case Input Shaft Seal, 
1999 > CHEVROLET > ASTRO VAN > V6-262 4.3L > Drivetrain > Transfer Case Input Shaft Seal,
2000 > CHEVROLET > ASTRO VAN > V6-262 4.3L > Drivetrain > Transfer Case Input Shaft Seal,
2001 > CHEVROLET > ASTRO VAN > V6-262 4.3L > Drivetrain > Transfer Case Input Shaft Seal,
2002 > CHEVROLET > ASTRO VAN > V6-262 4.3L > Drivetrain > Transfer Case Input Shaft Seal,
2003 > CHEVROLET > ASTRO VAN > V6-262 4.3L > Drivetrain > Transfer Case Input Shaft Seal,
2004 > CHEVROLET > ASTRO VAN > V6-262 4.3L > Drivetrain > Transfer Case Input Shaft Seal,
2005 > CHEVROLET > ASTRO VAN > V6-262 4.3L > Drivetrain > Transfer Case Input Shaft Seal,
2007 > CHEVROLET > AVALANCHE > V8-325 5.3L > Drivetrain > Transfer Case Input Shaft Seal,
2007 > CHEVROLET > AVALANCHE > V8-364 6.0L > Drivetrain > Transfer Case Input Shaft Seal,
2002 > CHEVROLET > AVALANCHE 1500 > V8-325 5.3L > Drivetrain > Transfer Case Input Shaft Seal,
2003 > CHEVROLET > AVALANCHE 1500 > V8-325 5.3L > Drivetrain > Transfer Case Input Shaft Seal,
2004 > CHEVROLET > AVALANCHE 1500 > V8-325 5.3L > Drivetrain > Transfer Case Input Shaft Seal,
2005 > CHEVROLET > AVALANCHE 1500 > V8-325 5.3L > Drivetrain > Transfer Case Input Shaft Seal, 
2006 > CHEVROLET > AVALANCHE 1500 > V8-325 5.3L > Drivetrain > Transfer Case Input Shaft Seal, 
2002 > CHEVROLET > AVALANCHE 2500 > V8-495 8.1L > Drivetrain > Transfer Case Input Shaft Seal, 
2003 > CHEVROLET > AVALANCHE 2500 > V8-495 8.1L > Drivetrain > Transfer Case Input Shaft Seal, 
2004 > CHEVROLET > AVALANCHE 2500 > V8-495 8.1L > Drivetrain > Transfer Case Input Shaft Seal, 
2005 > CHEVROLET > AVALANCHE 2500 > V8-495 8.1L > Drivetrain > Transfer Case Input Shaft Seal, 
2006 > CHEVROLET > AVALANCHE 2500 > V8-495 8.1L > Drivetrain > Transfer Case Input Shaft Seal,
1997 > CHEVROLET > BLAZER > V6-262 4.3L > Drivetrain > Transfer Case Input Shaft Seal,
1998 > CHEVROLET > BLAZER > V6-262 4.3L > Drivetrain > Transfer Case Input Shaft Seal,
1999 > CHEVROLET > BLAZER > V6-262 4.3L > Drivetrain > Transfer Case Input Shaft Seal,
2000 > CHEVROLET > BLAZER > V6-262 4.3L > Drivetrain > Transfer Case Input Shaft Seal,
2001 > CHEVROLET > BLAZER > V6-262 4.3L > Drivetrain > Transfer Case Input Shaft Seal,
2002 > CHEVROLET > BLAZER > V6-262 4.3L > Drivetrain > Transfer Case Input Shaft Seal,
2003 > CHEVROLET > BLAZER > V6-262 4.3L > Drivetrain > Transfer Case Input Shaft Seal,
1997 > CHEVROLET > C&K1500 PICKUP > V6-262 4.3L > Drivetrain > Transfer Case Input Shaft Seal,
1998 > CHEVROLET > C&K1500 PICKUP > V6-262 4.3L > Drivetrain > Transfer Case Input Shaft Seal,
1997 > CHEVROLET > C&K1500 PICKUP > V8-305 5.0L > Drivetrain > Transfer Case Input Shaft Seal,
1998 > CHEVROLET > C&K1500 PICKUP > V8-305 5.0L > Drivetrain > Transfer Case Input Shaft Seal,
1999 > CHEVROLET > C&K1500 PICKUP > V8-305 5.0L > Drivetrain > Transfer Case Input Shaft Seal,
1997 > CHEVROLET > C&K1500 PICKUP > V8-350 5.7L > Drivetrain > Transfer Case Input Shaft Seal,
1998 > CHEVROLET > C&K1500 PICKUP > V8-350 5.7L > Drivetrain > Transfer Case Input Shaft Seal,
1999 > CHEVROLET > C&K1500 PICKUP > V8-350 5.7L > Drivetrain > Transfer Case Input Shaft Seal,
1997 > CHEVROLET > C&K1500 PICKUP > V8-400 6.5L Dsl > Drivetrain > Transfer Case Input Shaft Seal, 
1998 > CHEVROLET > C&K1500 PICKUP > V8-400 6.5L Dsl > Drivetrain > Transfer Case Input Shaft Seal, 
1997 > CHEVROLET > C&K1500 SUBURBAN > V8-350 5.7L > Drivetrain > Transfer Case Input Shaft Seal,
1998 > CHEVROLET > C&K1500 SUBURBAN > V8-350 5.7L > Drivetrain > Transfer Case Input Shaft Seal,
1999 > CHEVROLET > C&K1500 SUBURBAN > V8-350 5.7L > Drivetrain > Transfer Case Input Shaft Seal,
1997 > CHEVROLET > C&K1500 SUBURBAN > V8-400 6.5L Dsl > Drivetrain > Transfer Case Input Shaft Seal, 
1998 > CHEVROLET > C&K1500 SUBURBAN > V8-400 6.5L Dsl > Drivetrain > Transfer Case Input Shaft Seal, 
1999 > CHEVROLET > C&K1500 SUBURBAN > V8-400 6.5L Dsl > Drivetrain > Transfer Case Input Shaft Seal, 
1997 > CHEVROLET > S10 PICKUP > 4-133 2.2L > Drivetrain > Transfer Case Input Shaft Seal,
1998 > CHEVROLET > S10 PICKUP > 4-133 2.2L > Drivetrain > Transfer Case Input Shaft Seal,
1999 > CHEVROLET > S10 PICKUP > 4-133 2.2L > Drivetrain > Transfer Case Input Shaft Seal,
2000 > CHEVROLET > S10 PICKUP > 4-133 2.2L > Drivetrain > Transfer Case Input Shaft Seal,
2001 > CHEVROLET > S10 PICKUP > 4-133 2.2L > Drivetrain > Transfer Case Input Shaft Seal,
2002 > CHEVROLET > S10 PICKUP > 4-133 2.2L > Drivetrain > Transfer Case Input Shaft Seal,
2003 > CHEVROLET > S10 PICKUP > 4-133 2.2L > Drivetrain > Transfer Case Input Shaft Seal,
1997 > CHEVROLET > S10 PICKUP > V6-262 4.3L > Drivetrain > Transfer Case Input Shaft Seal,
1998 > CHEVROLET > S10 PICKUP > V6-262 4.3L > Drivetrain > Transfer Case Input Shaft Seal,
1999 > CHEVROLET > S10 PICKUP > V6-262 4.3L > Drivetrain > Transfer Case Input Shaft Seal,
2000 > CHEVROLET > S10 PICKUP > V6-262 4.3L > Drivetrain > Transfer Case Input Shaft Seal,
2001 > CHEVROLET > S10 PICKUP > V6-262 4.3L > Drivetrain > Transfer Case Input Shaft Seal,
2002 > CHEVROLET > S10 PICKUP > V6-262 4.3L > Drivetrain > Transfer Case Input Shaft Seal,
2003 > CHEVROLET > S10 PICKUP > V6-262 4.3L > Drivetrain > Transfer Case Input Shaft Seal,
2004 > CHEVROLET > SILVERADO 1500 HYBRD > V8-325 5.3L > Drivetrain > Transfer Case Input Shaft Seal,
2005 > CHEVROLET > SILVERADO 1500 HYBRD > V8-325 5.3L > Drivetrain > Transfer Case Input Shaft Seal,
2006 > CHEVROLET > SILVERADO 1500 HYBRD > V8-325 5.3L > Drivetrain > Transfer Case Input Shaft Seal,
2007 > CHEVROLET > SILVERADO 1500 HYBRD > V8-325 5.3L > Drivetrain > Transfer Case Input Shaft Seal,
1999 > CHEVROLET > SILVERADO 1500 PU > V6-262 4.3L > Drivetrain > Transfer Case Input Shaft Seal,
2000 > CHEVROLET > SILVERADO 1500 PU > V6-262 4.3L > Drivetrain > Transfer Case Input Shaft Seal,
2001 > CHEVROLET > SILVERADO 1500 PU > V6-262 4.3L > Drivetrain > Transfer Case Input Shaft Seal,
2002 > CHEVROLET > SILVERADO 1500 PU > V6-262 4.3L > Drivetrain > Transfer Case Input Shaft Seal,
2003 > CHEVROLET > SILVERADO 1500 PU > V6-262 4.3L > Drivetrain > Transfer Case Input Shaft Seal,
2004 > CHEVROLET > SILVERADO 1500 PU > V6-262 4.3L > Drivetrain > Transfer Case Input Shaft Seal,
2005 > CHEVROLET > SILVERADO 1500 PU > V6-262 4.3L > Drivetrain > Transfer Case Input Shaft Seal,
2006 > CHEVROLET > SILVERADO 1500 PU > V6-262 4.3L > Drivetrain > Transfer Case Input Shaft Seal,
2007 > CHEVROLET > SILVERADO 1500 PU > V6-262 4.3L > Drivetrain > Transfer Case Input Shaft Seal,
1999 > CHEVROLET > SILVERADO 1500 PU > V6-294 4.8L > Drivetrain > Transfer Case Input Shaft Seal,
2000 > CHEVROLET > SILVERADO 1500 PU > V6-294 4.8L > Drivetrain > Transfer Case Input Shaft Seal,
2001 > CHEVROLET > SILVERADO 1500 PU > V6-294 4.8L > Drivetrain > Transfer Case Input Shaft Seal,
2002 > CHEVROLET > SILVERADO 1500 PU > V6-294 4.8L > Drivetrain > Transfer Case Input Shaft Seal,
2003 > CHEVROLET > SILVERADO 1500 PU > V6-294 4.8L > Drivetrain > Transfer Case Input Shaft Seal,
2004 > CHEVROLET > SILVERADO 1500 PU > V6-294 4.8L > Drivetrain > Transfer Case Input Shaft Seal,
2005 > CHEVROLET > SILVERADO 1500 PU > V6-294 4.8L > Drivetrain > Transfer Case Input Shaft Seal,
2006 > CHEVROLET > SILVERADO 1500 PU > V6-294 4.8L > Drivetrain > Transfer Case Input Shaft Seal,
2007 > CHEVROLET > SILVERADO 1500 PU > V6-294 4.8L > Drivetrain > Transfer Case Input Shaft Seal,
1999 > CHEVROLET > SILVERADO 1500 PU > V8-325 5.3L > Drivetrain > Transfer Case Input Shaft Seal,
2000 > CHEVROLET > SILVERADO 1500 PU > V8-325 5.3L > Drivetrain > Transfer Case Input Shaft Seal,
2001 > CHEVROLET > SILVERADO 1500 PU > V8-325 5.3L > Drivetrain > Transfer Case Input Shaft Seal,
2002 > CHEVROLET > SILVERADO 1500 PU > V8-325 5.3L > Drivetrain > Transfer Case Input Shaft Seal,
2003 > CHEVROLET > SILVERADO 1500 PU > V8-325 5.3L > Drivetrain > Transfer Case Input Shaft Seal,
2004 > CHEVROLET > SILVERADO 1500 PU > V8-325 5.3L > Drivetrain > Transfer Case Input Shaft Seal,
2005 > CHEVROLET > SILVERADO 1500 PU > V8-325 5.3L > Drivetrain > Transfer Case Input Shaft Seal,
2006 > CHEVROLET > SILVERADO 1500 PU > V8-325 5.3L > Drivetrain > Transfer Case Input Shaft Seal,
2007 > CHEVROLET > SILVERADO 1500 PU > V8-325 5.3L > Drivetrain > Transfer Case Input Shaft Seal,
2001 > CHEVROLET > SILVERADO 1500 PU > V8-364 6.0L > Drivetrain > Transfer Case Input Shaft Seal,
2002 > CHEVROLET > SILVERADO 1500 PU > V8-364 6.0L > Drivetrain > Transfer Case Input Shaft Seal,
2003 > CHEVROLET > SILVERADO 1500 PU > V8-364 6.0L > Drivetrain > Transfer Case Input Shaft Seal,
2004 > CHEVROLET > SILVERADO 1500 PU > V8-364 6.0L > Drivetrain > Transfer Case Input Shaft Seal,
2005 > CHEVROLET > SILVERADO 1500 PU > V8-364 6.0L > Drivetrain > Transfer Case Input Shaft Seal,
2006 > CHEVROLET > SILVERADO 1500 PU > V8-364 6.0L > Drivetrain > Transfer Case Input Shaft Seal,
2007 > CHEVROLET > SILVERADO 1500 PU > V8-364 6.0L > Drivetrain > Transfer Case Input Shaft Seal,
1999 > CHEVROLET > SILVERADO 2500 PU > V8-325 5.3L > Drivetrain > Transfer Case Input Shaft Seal,
1999 > CHEVROLET > SILVERADO 2500 PU > V8-325 5.3L > Drivetrain > Transfer Case Input Shaft Seal,
1999 > CHEVROLET > SILVERADO 2500 PU > V8-325 5.3L > Drivetrain > Transfer Case Input Shaft Seal,
1999 > CHEVROLET > SILVERADO 2500 PU > V8-364 6.0L > Drivetrain > Transfer Case Input Shaft Seal,
2000 > CHEVROLET > SILVERADO 2500 PU > V8-364 6.0L > Drivetrain > Transfer Case Input Shaft Seal,
2001 > CHEVROLET > SILVERADO 2500 PU > V8-364 6.0L > Drivetrain > Transfer Case Input Shaft Seal,
2002 > CHEVROLET > SILVERADO 2500 PU > V8-364 6.0L > Drivetrain > Transfer Case Input Shaft Seal,
2003 > CHEVROLET > SILVERADO 2500 PU > V8-364 6.0L > Drivetrain > Transfer Case Input Shaft Seal,
2004 > CHEVROLET > SILVERADO 2500 PU > V8-364 6.0L > Drivetrain > Transfer Case Input Shaft Seal,
2001 > CHEVROLET > SILVERADO 2500HD PU > V8-364 6.0L > Drivetrain > Transfer Case Input Shaft Seal,
2002 > CHEVROLET > SILVERADO 2500HD PU > V8-364 6.0L > Drivetrain > Transfer Case Input Shaft Seal,
2003 > CHEVROLET > SILVERADO 2500HD PU > V8-364 6.0L > Drivetrain > Transfer Case Input Shaft Seal,
2004 > CHEVROLET > SILVERADO 2500HD PU > V8-364 6.0L > Drivetrain > Transfer Case Input Shaft Seal,
2005 > CHEVROLET > SILVERADO 2500HD PU > V8-364 6.0L > Drivetrain > Transfer Case Input Shaft Seal,
2006 > CHEVROLET > SILVERADO 2500HD PU > V8-364 6.0L > Drivetrain > Transfer Case Input Shaft Seal,
2007 > CHEVROLET > SILVERADO 2500HD PU > V8-364 6.0L > Drivetrain > Transfer Case Input Shaft Seal,
2001 > CHEVROLET > SILVERADO 2500HD PU > V8-403 6.6L Dsl > Drivetrain > Transfer Case Input Shaft Seal, 
2002 > CHEVROLET > SILVERADO 2500HD PU > V8-403 6.6L Dsl > Drivetrain > Transfer Case Input Shaft Seal, 
2003 > CHEVROLET > SILVERADO 2500HD PU > V8-403 6.6L Dsl > Drivetrain > Transfer Case Input Shaft Seal, 
2004 > CHEVROLET > SILVERADO 2500HD PU > V8-403 6.6L Dsl > Drivetrain > Transfer Case Input Shaft Seal, 
2005 > CHEVROLET > SILVERADO 2500HD PU > V8-403 6.6L Dsl > Drivetrain > Transfer Case Input Shaft Seal, 
2006 > CHEVROLET > SILVERADO 2500HD PU > V8-403 6.6L Dsl > Drivetrain > Transfer Case Input Shaft Seal, 
2007 > CHEVROLET > SILVERADO 2500HD PU > V8-403 6.6L Dsl > Drivetrain > Transfer Case Input Shaft Seal, 
2001 > CHEVROLET > SILVERADO 2500HD PU > V8-495 8.1L > Drivetrain > Transfer Case Input Shaft Seal,  
2002 > CHEVROLET > SILVERADO 2500HD PU > V8-495 8.1L  > Drivetrain > Transfer Case Input Shaft Seal,
2003 > CHEVROLET > SILVERADO 2500HD PU > V8-495 8.1L  > Drivetrain > Transfer Case Input Shaft Seal,
2004 > CHEVROLET > SILVERADO 2500HD PU > V8-495 8.1L  > Drivetrain > Transfer Case Input Shaft Seal,
2005 > CHEVROLET > SILVERADO 2500HD PU > V8-495 8.1L  > Drivetrain > Transfer Case Input Shaft Seal,
2006 > CHEVROLET > SILVERADO 2500HD PU > V8-495 8.1L  > Drivetrain > Transfer Case Input Shaft Seal,
2007 > CHEVROLET > SILVERADO 2500HD PU > V8-495 8.1L > Drivetrain > Transfer Case Input Shaft Seal,
2001 > CHEVROLET > SILVERADO 3500 PU > V8-364 6.0L  > Drivetrain > Transfer Case Input Shaft Seal,
2002 > CHEVROLET > SILVERADO 3500 PU > V8-364 6.0L  > Drivetrain > Transfer Case Input Shaft Seal,
2003 > CHEVROLET > SILVERADO 3500 PU > V8-364 6.0L  > Drivetrain > Transfer Case Input Shaft Seal,
2004 > CHEVROLET > SILVERADO 3500 PU > V8-364 6.0L  > Drivetrain > Transfer Case Input Shaft Seal,
2005 > CHEVROLET > SILVERADO 3500 PU > V8-364 6.0L  > Drivetrain > Transfer Case Input Shaft Seal,
2006 > CHEVROLET > SILVERADO 3500 PU > V8-364 6.0L  > Drivetrain > Transfer Case Input Shaft Seal,
2007 > CHEVROLET > SILVERADO 3500 PU > V8-364 6.0L > Drivetrain > Transfer Case Input Shaft Seal,
2001 > CHEVROLET > SILVERADO 3500 PU > V8-403 6.6L Dsl > Drivetrain > Transfer Case Input Shaft Seal,  
2002 > CHEVROLET > SILVERADO 3500 PU > V8-403 6.6L Dsl > Drivetrain > Transfer Case Input Shaft Seal,  
2003 > CHEVROLET > SILVERADO 3500 PU > V8-403 6.6L Dsl > Drivetrain > Transfer Case Input Shaft Seal,  
2004 > CHEVROLET > SILVERADO 3500 PU > V8-403 6.6L Dsl > Drivetrain > Transfer Case Input Shaft Seal,  
2005 > CHEVROLET > SILVERADO 3500 PU > V8-403 6.6L Dsl > Drivetrain > Transfer Case Input Shaft Seal,  
2006 > CHEVROLET > SILVERADO 3500 PU > V8-403 6.6L Dsl > Drivetrain > Transfer Case Input Shaft Seal,  
2007 > CHEVROLET > SILVERADO 3500 PU > V8-403 6.6L Dsl > Drivetrain > Transfer Case Input Shaft Seal, 
2001 > CHEVROLET > SILVERADO 3500 PU > V8-495 8.1L  > Drivetrain > Transfer Case Input Shaft Seal, 
2002 > CHEVROLET > SILVERADO 3500 PU > V8-495 8.1L   > Drivetrain > Transfer Case Input Shaft Seal,
2003 > CHEVROLET > SILVERADO 3500 PU > V8-495 8.1L   > Drivetrain > Transfer Case Input Shaft Seal,
2004 > CHEVROLET > SILVERADO 3500 PU > V8-495 8.1L   > Drivetrain > Transfer Case Input Shaft Seal,
2005 > CHEVROLET > SILVERADO 3500 PU > V8-495 8.1L   > Drivetrain > Transfer Case Input Shaft Seal,
2006 > CHEVROLET > SILVERADO 3500 PU > V8-495 8.1L   > Drivetrain > Transfer Case Input Shaft Seal,
2007 > CHEVROLET > SILVERADO 3500 PU > V8-495 8.1L > Drivetrain > Transfer Case Input Shaft Seal,
2000 > CHEVROLET > SUBURBAN 1500 > V8-325 5.3L   > Drivetrain > Transfer Case Input Shaft Seal,
2001 > CHEVROLET > SUBURBAN 1500 > V8-325 5.3L   > Drivetrain > Transfer Case Input Shaft Seal,
2002 > CHEVROLET > SUBURBAN 1500 > V8-325 5.3L   > Drivetrain > Transfer Case Input Shaft Seal,
2003 > CHEVROLET > SUBURBAN 1500 > V8-325 5.3L   > Drivetrain > Transfer Case Input Shaft Seal,
2004 > CHEVROLET > SUBURBAN 1500 > V8-325 5.3L   > Drivetrain > Transfer Case Input Shaft Seal,
2005 > CHEVROLET > SUBURBAN 1500 > V8-325 5.3L   > Drivetrain > Transfer Case Input Shaft Seal,
2006 > CHEVROLET > SUBURBAN 1500 > V8-325 5.3L   > Drivetrain > Transfer Case Input Shaft Seal,
2007 > CHEVROLET > SUBURBAN 1500 > V8-325 5.3L > Drivetrain > Transfer Case Input Shaft Seal,
2006 > CHEVROLET > SUBURBAN 1500 > V8-364 6.0L  > Drivetrain > Transfer Case Input Shaft Seal,
2007 > CHEVROLET > SUBURBAN 1500 > V8-364 6.0L   > Drivetrain > Transfer Case Input Shaft Seal,
2000 > CHEVROLET > SUBURBAN 2500 > V8-364 6.0L   > Drivetrain > Transfer Case Input Shaft Seal,
2001 > CHEVROLET > SUBURBAN 2500 > V8-364 6.0L   > Drivetrain > Transfer Case Input Shaft Seal,
2002 > CHEVROLET > SUBURBAN 2500 > V8-364 6.0L   > Drivetrain > Transfer Case Input Shaft Seal,
2003 > CHEVROLET > SUBURBAN 2500 > V8-364 6.0L   > Drivetrain > Transfer Case Input Shaft Seal,
2004 > CHEVROLET > SUBURBAN 2500 > V8-364 6.0L   > Drivetrain > Transfer Case Input Shaft Seal,
2005 > CHEVROLET > SUBURBAN 2500 > V8-364 6.0L   > Drivetrain > Transfer Case Input Shaft Seal,
2006 > CHEVROLET > SUBURBAN 2500 > V8-364 6.0L   > Drivetrain > Transfer Case Input Shaft Seal,
2007 > CHEVROLET > SUBURBAN 2500 > V8-364 6.0L > Drivetrain > Transfer Case Input Shaft Seal,
2001 > CHEVROLET > SUBURBAN 2500 > V8-495 8.1L   > Drivetrain > Transfer Case Input Shaft Seal,
2002 > CHEVROLET > SUBURBAN 2500 > V8-495 8.1L   > Drivetrain > Transfer Case Input Shaft Seal,
2003 > CHEVROLET > SUBURBAN 2500 > V8-495 8.1L   > Drivetrain > Transfer Case Input Shaft Seal,
2004 > CHEVROLET > SUBURBAN 2500 > V8-495 8.1L   > Drivetrain > Transfer Case Input Shaft Seal,
2005 > CHEVROLET > SUBURBAN 2500 > V8-495 8.1L   > Drivetrain > Transfer Case Input Shaft Seal,
2006 > CHEVROLET > SUBURBAN 2500 > V8-495 8.1L > Drivetrain > Transfer Case Input Shaft Seal,
2000 > CHEVROLET > TAHOE > V8-294 4.8L   > Drivetrain > Transfer Case Input Shaft Seal,
2001 > CHEVROLET > TAHOE > V8-294 4.8L   > Drivetrain > Transfer Case Input Shaft Seal,
2002 > CHEVROLET > TAHOE > V8-294 4.8L   > Drivetrain > Transfer Case Input Shaft Seal,
2003 > CHEVROLET > TAHOE > V8-294 4.8L   > Drivetrain > Transfer Case Input Shaft Seal,
2004 > CHEVROLET > TAHOE > V8-294 4.8L   > Drivetrain > Transfer Case Input Shaft Seal,
2005 > CHEVROLET > TAHOE > V8-294 4.8L   > Drivetrain > Transfer Case Input Shaft Seal,
2006 > CHEVROLET > TAHOE > V8-294 4.8L   > Drivetrain > Transfer Case Input Shaft Seal,
2007 > CHEVROLET > TAHOE > V8-294 4.8L > Drivetrain > Transfer Case Input Shaft Seal,
2000 > CHEVROLET > TAHOE > V8-325 5.3L   > Drivetrain > Transfer Case Input Shaft Seal,
2001 > CHEVROLET > TAHOE > V8-325 5.3L   > Drivetrain > Transfer Case Input Shaft Seal,
2002 > CHEVROLET > TAHOE > V8-325 5.3L   > Drivetrain > Transfer Case Input Shaft Seal,
2003 > CHEVROLET > TAHOE > V8-325 5.3L   > Drivetrain > Transfer Case Input Shaft Seal,
2004 > CHEVROLET > TAHOE > V8-325 5.3L   > Drivetrain > Transfer Case Input Shaft Seal,
2005 > CHEVROLET > TAHOE > V8-325 5.3L   > Drivetrain > Transfer Case Input Shaft Seal,
2006 > CHEVROLET > TAHOE > V8-325 5.3L   > Drivetrain > Transfer Case Input Shaft Seal,
2007 > CHEVROLET > TAHOE > V8-325 5.3L > Drivetrain > Transfer Case Input Shaft Seal,
1997 > CHEVROLET > TAHOE > V8-350 5.7L   > Drivetrain > Transfer Case Input Shaft Seal,
1998 > CHEVROLET > TAHOE > V8-350 5.7L   > Drivetrain > Transfer Case Input Shaft Seal,
1999 > CHEVROLET > TAHOE > V8-350 5.7L    > Drivetrain > Transfer Case Input Shaft Seal,
2000 > CHEVROLET > TAHOE > V8-350 5.7L  > Drivetrain > Transfer Case Input Shaft Seal,
1997 > CHEVROLET > TAHOE > V8-400 6.5L Dsl > Drivetrain > Transfer Case Input Shaft Seal,   
1998 > CHEVROLET > TAHOE > V8-400 6.5L Dsl > Drivetrain > Transfer Case Input Shaft Seal,   
1999 > CHEVROLET > TAHOE > V8-400 6.5L Dsl > Drivetrain > Transfer Case Input Shaft Seal, 
1997 > GMC > C&K1500 PICKUP > V6-262 4.3L > Drivetrain > Transfer Case Input Shaft Seal,
1998 > GMC > C&K1500 PICKUP > V6-262 4.3L > Drivetrain > Transfer Case Input Shaft Seal,
1997 > GMC > C&K1500 PICKUP > V8-305 5.0L > Drivetrain > Transfer Case Input Shaft Seal,
1998 > GMC > C&K1500 PICKUP > V8-305 5.0L > Drivetrain > Transfer Case Input Shaft Seal,
1999 > GMC > C&K1500 PICKUP > V8-305 5.0L > Drivetrain > Transfer Case Input Shaft Seal,
1997 > GMC > C&K1500 PICKUP > V8-350 5.7L > Drivetrain > Transfer Case Input Shaft Seal,
1998 > GMC > C&K1500 PICKUP > V8-350 5.7L > Drivetrain > Transfer Case Input Shaft Seal,
1999 > GMC > C&K1500 PICKUP > V8-350 5.7L > Drivetrain > Transfer Case Input Shaft Seal,
1997 > GMC > C&K1500 PICKUP > V8-400 6.5L Dsl > Drivetrain > Transfer Case Input Shaft Seal, 
1998 > GMC > C&K1500 PICKUP > V8-400 6.5L Dsl > Drivetrain > Transfer Case Input Shaft Seal, 
1997 > GMC > C&K1500 SUBURBAN > V8-350 5.7L > Drivetrain > Transfer Case Input Shaft Seal,
1998 > GMC > C&K1500 SUBURBAN > V8-350 5.7L > Drivetrain > Transfer Case Input Shaft Seal,
1999 > GMC > C&K1500 SUBURBAN > V8-350 5.7L > Drivetrain > Transfer Case Input Shaft Seal,
1997 > GMC > C&K1500 SUBURBAN > V8-400 6.5L Dsl > Drivetrain > Transfer Case Input Shaft Seal, 
1998 > GMC > C&K1500 SUBURBAN > V8-400 6.5L Dsl > Drivetrain > Transfer Case Input Shaft Seal, 
1999 > GMC > C&K1500 SUBURBAN > V8-400 6.5L Dsl > Drivetrain > Transfer Case Input Shaft Seal, 
1998 > GMC > ENVOY > V6-262 4.3L > Drivetrain > Transfer Case Input Shaft Seal,
1999 > GMC > ENVOY > V6-262 4.3L > Drivetrain > Transfer Case Input Shaft Seal,
2000 > GMC > ENVOY > V6-262 4.3L > Drivetrain > Transfer Case Input Shaft Seal,
1997 > GMC > JIMMY > V6-262 4.3L > Drivetrain > Transfer Case Input Shaft Seal,
1998 > GMC > JIMMY > V6-262 4.3L > Drivetrain > Transfer Case Input Shaft Seal,
1999 > GMC > JIMMY > V6-262 4.3L > Drivetrain > Transfer Case Input Shaft Seal,
2000 > GMC > JIMMY > V6-262 4.3L > Drivetrain > Transfer Case Input Shaft Seal,
2001 > GMC > JIMMY > V6-262 4.3L > Drivetrain > Transfer Case Input Shaft Seal,
2002 > GMC > JIMMY > V6-262 4.3L > Drivetrain > Transfer Case Input Shaft Seal,
2003 > GMC > JIMMY > V6-262 4.3L > Drivetrain > Transfer Case Input Shaft Seal,
1999> GMC > SAFARI VAN > V6-262 4.3L > Drivetrain > Transfer Case Input Shaft Seal,
2000 > GMC > SAFARI VAN > V6-262 4.3L > Drivetrain > Transfer Case Input Shaft Seal,
2001 > GMC > SAFARI VAN > V6-262 4.3L > Drivetrain > Transfer Case Input Shaft Seal,
2002 > GMC > SAFARI VAN > V6-262 4.3L > Drivetrain > Transfer Case Input Shaft Seal,
2003 > GMC > SAFARI VAN > V6-262 4.3L > Drivetrain > Transfer Case Input Shaft Seal,
2004 > GMC > SAFARI VAN > V6-262 4.3L > Drivetrain > Transfer Case Input Shaft Seal,
2005 > GMC > SAFARI VAN > V6-262 4.3L > Drivetrain > Transfer Case Input Shaft Seal,
2005 > GMC > SIERRA 1500 HYBRID > V8-325 5.3L > Drivetrain > Transfer Case Input Shaft Seal,
2006 > GMC > SIERRA 1500 HYBRID > V8-325 5.3L > Drivetrain > Transfer Case Input Shaft Seal,
2007 > GMC > SIERRA 1500 HYBRID > V8-325 5.3L > Drivetrain > Transfer Case Input Shaft Seal,
1999 > GMC > SIERRA 1500 PICKUP > V6-262 4.3L > Drivetrain > Transfer Case Input Shaft Seal,
2000 > GMC > SIERRA 1500 PICKUP > V6-262 4.3L > Drivetrain > Transfer Case Input Shaft Seal,
2001 > GMC > SIERRA 1500 PICKUP > V6-262 4.3L > Drivetrain > Transfer Case Input Shaft Seal,
2002 > GMC > SIERRA 1500 PICKUP > V6-262 4.3L > Drivetrain > Transfer Case Input Shaft Seal,
2003 > GMC > SIERRA 1500 PICKUP > V6-262 4.3L > Drivetrain > Transfer Case Input Shaft Seal,
2004 > GMC > SIERRA 1500 PICKUP > V6-262 4.3L > Drivetrain > Transfer Case Input Shaft Seal,
2005 > GMC > SIERRA 1500 PICKUP > V6-262 4.3L > Drivetrain > Transfer Case Input Shaft Seal,
2006 > GMC > SIERRA 1500 PICKUP > V6-262 4.3L > Drivetrain > Transfer Case Input Shaft Seal,
2007 > GMC > SIERRA 1500 PICKUP > V6-262 4.3L > Drivetrain > Transfer Case Input Shaft Seal,
1999 > GMC > SIERRA 1500 PICKUP > V8-294 4.8L > Drivetrain > Transfer Case Input Shaft Seal,
2000 > GMC > SIERRA 1500 PICKUP > V8-294 4.8L > Drivetrain > Transfer Case Input Shaft Seal,
2001 > GMC > SIERRA 1500 PICKUP > V8-294 4.8L > Drivetrain > Transfer Case Input Shaft Seal,
2002 > GMC > SIERRA 1500 PICKUP > V8-294 4.8L > Drivetrain > Transfer Case Input Shaft Seal,
2003 > GMC > SIERRA 1500 PICKUP > V8-294 4.8L > Drivetrain > Transfer Case Input Shaft Seal,
2004 > GMC > SIERRA 1500 PICKUP > V8-294 4.8L > Drivetrain > Transfer Case Input Shaft Seal,
2005 > GMC > SIERRA 1500 PICKUP > V8-294 4.8L > Drivetrain > Transfer Case Input Shaft Seal,
2006 > GMC > SIERRA 1500 PICKUP > V8-294 4.8L > Drivetrain > Transfer Case Input Shaft Seal,
2007 > GMC > SIERRA 1500 PICKUP > V8-294 4.8L > Drivetrain > Transfer Case Input Shaft Seal,
1999 > GMC > SIERRA 1500 PICKUP > V8-325 5.3L > Drivetrain > Transfer Case Input Shaft Seal,
2000 > GMC > SIERRA 1500 PICKUP > V8-325 5.3L > Drivetrain > Transfer Case Input Shaft Seal,
2001 > GMC > SIERRA 1500 PICKUP > V8-325 5.3L > Drivetrain > Transfer Case Input Shaft Seal,
2002 > GMC > SIERRA 1500 PICKUP > V8-325 5.3L > Drivetrain > Transfer Case Input Shaft Seal,
2003 > GMC > SIERRA 1500 PICKUP > V8-325 5.3L > Drivetrain > Transfer Case Input Shaft Seal,
2004 > GMC > SIERRA 1500 PICKUP > V8-325 5.3L > Drivetrain > Transfer Case Input Shaft Seal,
2005 > GMC > SIERRA 1500 PICKUP > V8-325 5.3L > Drivetrain > Transfer Case Input Shaft Seal,
2006 > GMC > SIERRA 1500 PICKUP > V8-325 5.3L > Drivetrain > Transfer Case Input Shaft Seal,
2007 > GMC > SIERRA 1500 PICKUP > V8-325 5.3L > Drivetrain > Transfer Case Input Shaft Seal,
2001 > GMC > SIERRA 1500 PICKUP > V8-364 6.0L > Drivetrain > Transfer Case Input Shaft Seal,
2002 > GMC > SIERRA 1500 PICKUP > V8-364 6.0L > Drivetrain > Transfer Case Input Shaft Seal,
2003 > GMC > SIERRA 1500 PICKUP > V8-364 6.0L > Drivetrain > Transfer Case Input Shaft Seal,
2004 > GMC > SIERRA 1500 PICKUP > V8-364 6.0L > Drivetrain > Transfer Case Input Shaft Seal,
2005 > GMC > SIERRA 1500 PICKUP > V8-364 6.0L > Drivetrain > Transfer Case Input Shaft Seal,
2006 > GMC > SIERRA 1500 PICKUP > V8-364 6.0L > Drivetrain > Transfer Case Input Shaft Seal,
2007 > GMC > SIERRA 1500 PICKUP > V8-364 6.0L > Drivetrain > Transfer Case Input Shaft Seal,
2007 > GMC > SIERRA 1500 PICKUP > V8-376 6.2L > Drivetrain > Transfer Case Input Shaft Seal,
1999 > GMC > SIERRA 2500 PICKUP > V8-325 5.3L > Drivetrain > Transfer Case Input Shaft Seal,
2000 > GMC > SIERRA 2500 PICKUP > V8-325 5.3L > Drivetrain > Transfer Case Input Shaft Seal,
2001 > GMC > SIERRA 2500 PICKUP > V8-325 5.3L > Drivetrain > Transfer Case Input Shaft Seal,
1999 > GMC > SIERRA 2500 PICKUP > V8-364 6.0L > Drivetrain > Transfer Case Input Shaft Seal,
2000 > GMC > SIERRA 2500 PICKUP > V8-364 6.0L > Drivetrain > Transfer Case Input Shaft Seal,
2001 > GMC > SIERRA 2500 PICKUP > V8-364 6.0L > Drivetrain > Transfer Case Input Shaft Seal,
2002 > GMC > SIERRA 2500 PICKUP > V8-364 6.0L > Drivetrain > Transfer Case Input Shaft Seal,
2003 > GMC > SIERRA 2500 PICKUP > V8-364 6.0L > Drivetrain > Transfer Case Input Shaft Seal,
2004 > GMC > SIERRA 2500 PICKUP > V8-364 6.0L > Drivetrain > Transfer Case Input Shaft Seal,
2001 > GMC > SIERRA 2500HD PICKUP > V8-403 6.6L Dsl > Drivetrain > Transfer Case Input Shaft Seal,
2002 > GMC > SIERRA 2500HD PICKUP > V8-403 6.6L Dsl > Drivetrain > Transfer Case Input Shaft Seal,
2003 > GMC > SIERRA 2500HD PICKUP > V8-403 6.6L Dsl > Drivetrain > Transfer Case Input Shaft Seal,
2004 > GMC > SIERRA 2500HD PICKUP > V8-403 6.6L Dsl > Drivetrain > Transfer Case Input Shaft Seal,
2005 > GMC > SIERRA 2500HD PICKUP > V8-403 6.6L Dsl > Drivetrain > Transfer Case Input Shaft Seal,
2006 > GMC > SIERRA 2500HD PICKUP > V8-403 6.6L Dsl > Drivetrain > Transfer Case Input Shaft Seal,
2007 > GMC > SIERRA 2500HD PICKUP > V8-403 6.6L Dsl > Drivetrain > Transfer Case Input Shaft Seal,
2001 > GMC > SIERRA 2500HD PICKUP > V8-495 8.1L > Drivetrain > Transfer Case Input Shaft Seal,
2002 > GMC > SIERRA 2500HD PICKUP > V8-495 8.1L > Drivetrain > Transfer Case Input Shaft Seal,
2003 > GMC > SIERRA 2500HD PICKUP > V8-495 8.1L > Drivetrain > Transfer Case Input Shaft Seal,
2004 > GMC > SIERRA 2500HD PICKUP > V8-495 8.1L > Drivetrain > Transfer Case Input Shaft Seal,
2005 > GMC > SIERRA 2500HD PICKUP > V8-495 8.1L > Drivetrain > Transfer Case Input Shaft Seal,
2006 > GMC > SIERRA 2500HD PICKUP > V8-495 8.1L > Drivetrain > Transfer Case Input Shaft Seal,
2007 > GMC > SIERRA 2500HD PICKUP > V8-495 8.1L > Drivetrain > Transfer Case Input Shaft Seal,
2001 > GMC > SIERRA 2500HD PICKUP > V8-364 6.0L > Drivetrain > Transfer Case Input Shaft Seal,
2002 > GMC > SIERRA 2500HD PICKUP > V8-364 6.0L > Drivetrain > Transfer Case Input Shaft Seal,
2003 > GMC > SIERRA 2500HD PICKUP > V8-364 6.0L > Drivetrain > Transfer Case Input Shaft Seal,
2004 > GMC > SIERRA 2500HD PICKUP > V8-364 6.0L > Drivetrain > Transfer Case Input Shaft Seal,
2005 > GMC > SIERRA 2500HD PICKUP > V8-364 6.0L > Drivetrain > Transfer Case Input Shaft Seal,
2006 > GMC > SIERRA 2500HD PICKUP > V8-364 6.0L > Drivetrain > Transfer Case Input Shaft Seal,
2007 > GMC > SIERRA 2500HD PICKUP > V8-364 6.0L > Drivetrain > Transfer Case Input Shaft Seal,
2001 > GMC > SIERRA 3500 PICKUP > V8-403 6.6L Dsl > Drivetrain > Transfer Case Input Shaft Seal,
2002 > GMC > SIERRA 3500 PICKUP > V8-403 6.6L Dsl > Drivetrain > Transfer Case Input Shaft Seal,
2003 > GMC > SIERRA 3500 PICKUP > V8-403 6.6L Dsl > Drivetrain > Transfer Case Input Shaft Seal,
2004 > GMC > SIERRA 3500 PICKUP > V8-403 6.6L Dsl > Drivetrain > Transfer Case Input Shaft Seal,
2005 > GMC > SIERRA 3500 PICKUP > V8-403 6.6L Dsl > Drivetrain > Transfer Case Input Shaft Seal,
2006 > GMC > SIERRA 3500 PICKUP > V8-403 6.6L Dsl > Drivetrain > Transfer Case Input Shaft Seal,
2007 > GMC > SIERRA 3500 PICKUP > V8-403 6.6L Dsl > Drivetrain > Transfer Case Input Shaft Seal,
2001 > GMC > SIERRA 3500 PICKUP > V8-495 8.1L > Drivetrain > Transfer Case Input Shaft Seal,
2002 > GMC > SIERRA 3500 PICKUP > V8-495 8.1L > Drivetrain > Transfer Case Input Shaft Seal,
2003 > GMC > SIERRA 3500 PICKUP > V8-495 8.1L > Drivetrain > Transfer Case Input Shaft Seal,
2004 > GMC > SIERRA 3500 PICKUP > V8-495 8.1L > Drivetrain > Transfer Case Input Shaft Seal,
2005 > GMC > SIERRA 3500 PICKUP > V8-495 8.1L > Drivetrain > Transfer Case Input Shaft Seal,
2006 > GMC > SIERRA 3500 PICKUP > V8-495 8.1L > Drivetrain > Transfer Case Input Shaft Seal,
2007 > GMC > SIERRA 3500 PICKUP > V8-495 8.1L > Drivetrain > Transfer Case Input Shaft Seal,
2001 > GMC > SIERRA 3500 PICKUP > V8-364 6.0L > Drivetrain > Transfer Case Input Shaft Seal,
2002 > GMC > SIERRA 3500 PICKUP > V8-364 6.0L > Drivetrain > Transfer Case Input Shaft Seal,
2003 > GMC > SIERRA 3500 PICKUP > V8-364 6.0L > Drivetrain > Transfer Case Input Shaft Seal,
2004 > GMC > SIERRA 3500 PICKUP > V8-364 6.0L > Drivetrain > Transfer Case Input Shaft Seal,
2005 > GMC > SIERRA 3500 PICKUP > V8-364 6.0L > Drivetrain > Transfer Case Input Shaft Seal,
2006 > GMC > SIERRA 3500 PICKUP > V8-364 6.0L > Drivetrain > Transfer Case Input Shaft Seal,
2007 > GMC > SIERRA 3500 PICKUP > V8-364 6.0L > Drivetrain > Transfer Case Input Shaft Seal,
1997 > GMC > SONOMA PICKUP > V6-262 4.3L > Drivetrain > Transfer Case Input Shaft Seal,
1998 > GMC > SONOMA PICKUP > V6-262 4.3L > Drivetrain > Transfer Case Input Shaft Seal,
1999 > GMC > SONOMA PICKUP > V6-262 4.3L > Drivetrain > Transfer Case Input Shaft Seal,
2000 > GMC > SONOMA PICKUP > V6-262 4.3L > Drivetrain > Transfer Case Input Shaft Seal,
2001 > GMC > SONOMA PICKUP > V6-262 4.3L > Drivetrain > Transfer Case Input Shaft Seal,
2002 > GMC > SONOMA PICKUP > V6-262 4.3L > Drivetrain > Transfer Case Input Shaft Seal,
2003 > GMC > SONOMA PICKUP > V6-262 4.3L > Drivetrain > Transfer Case Input Shaft Seal,
1997 > GMC > SONOMA PICKUP > 4-133 2.2L > Drivetrain > Transfer Case Input Shaft Seal,
1998 > GMC > SONOMA PICKUP > 4-133 2.2L > Drivetrain > Transfer Case Input Shaft Seal,
1999 > GMC > SONOMA PICKUP > 4-133 2.2L > Drivetrain > Transfer Case Input Shaft Seal,
2000 > GMC > SONOMA PICKUP > 4-133 2.2L > Drivetrain > Transfer Case Input Shaft Seal,
2001 > GMC > SONOMA PICKUP > 4-133 2.2L > Drivetrain > Transfer Case Input Shaft Seal,
2002 > GMC > SONOMA PICKUP > 4-133 2.2L > Drivetrain > Transfer Case Input Shaft Seal,
2003 > GMC > SONOMA PICKUP > 4-133 2.2L > Drivetrain > Transfer Case Input Shaft Seal,
2000 > GMC > YUKON > V8-294 4.8L > Drivetrain > Transfer Case Input Shaft Seal,
2001 > GMC > YUKON > V8-294 4.8L > Drivetrain > Transfer Case Input Shaft Seal,
2002 > GMC > YUKON > V8-294 4.8L > Drivetrain > Transfer Case Input Shaft Seal,
2003 > GMC > YUKON > V8-294 4.8L > Drivetrain > Transfer Case Input Shaft Seal,
2004 > GMC > YUKON > V8-294 4.8L > Drivetrain > Transfer Case Input Shaft Seal,
2006 > GMC > YUKON > V8-294 4.8L > Drivetrain > Transfer Case Input Shaft Seal,
2007 > GMC > YUKON > V8-294 4.8L > Drivetrain > Transfer Case Input Shaft Seal,
2000 > GMC > YUKON > V8-325 5.3L > Drivetrain > Transfer Case Input Shaft Seal,
2001 > GMC > YUKON > V8-325 5.3L > Drivetrain > Transfer Case Input Shaft Seal,
2002 > GMC > YUKON > V8-325 5.3L > Drivetrain > Transfer Case Input Shaft Seal,
2003 > GMC > YUKON > V8-325 5.3L > Drivetrain > Transfer Case Input Shaft Seal,
2004 > GMC > YUKON > V8-325 5.3L > Drivetrain > Transfer Case Input Shaft Seal,
2006 > GMC > YUKON > V8-325 5.3L > Drivetrain > Transfer Case Input Shaft Seal,
2007 > GMC > YUKON > V8-325 5.3L > Drivetrain > Transfer Case Input Shaft Seal,
1997 > GMC > YUKON > V8-350 5.7L > Drivetrain > Transfer Case Input Shaft Seal,
1998 > GMC > YUKON > V8-350 5.7L > Drivetrain > Transfer Case Input Shaft Seal,
1999 > GMC > YUKON > V8-350 5.7L > Drivetrain > Transfer Case Input Shaft Seal, 
2001 > GMC > YUKON > V8-364 6.0L > Drivetrain > Transfer Case Input Shaft Seal,
2002 > GMC > YUKON > V8-364 6.0L > Drivetrain > Transfer Case Input Shaft Seal,
2003 > GMC > YUKON > V8-364 6.0L > Drivetrain > Transfer Case Input Shaft Seal,
2004 > GMC > YUKON > V8-364 6.0L > Drivetrain > Transfer Case Input Shaft Seal,
2006 > GMC > YUKON > V8-364 6.0L > Drivetrain > Transfer Case Input Shaft Seal,
2007 > GMC > YUKON > V8-376 6.2L > Drivetrain > Transfer Case Input Shaft Seal,
1997 > GMC > YUKON > V8-400 6.5L Dsl > Drivetrain > Transfer Case Input Shaft Seal, 
1999 > GMC > DENALI > V8-350 5.7L > Drivetrain > Transfer Case Input Shaft Seal,
2000 > GMC > DENALI > V8-350 5.7L > Drivetrain > Transfer Case Input Shaft Seal,
2000 > GMC > YUKON XL 1500 > V8-325 5.3L > Drivetrain > Transfer Case Input Shaft Seal,
2001 > GMC > YUKON XL 1500 > V8-325 5.3L > Drivetrain > Transfer Case Input Shaft Seal,
2002 > GMC > YUKON XL 1500 > V8-325 5.3L > Drivetrain > Transfer Case Input Shaft Seal,
2003 > GMC > YUKON XL 1500 > V8-325 5.3L > Drivetrain > Transfer Case Input Shaft Seal,
2004 > GMC > YUKON XL 1500 > V8-325 5.3L > Drivetrain > Transfer Case Input Shaft Seal,
2005 > GMC > YUKON XL 1500 > V8-325 5.3L > Drivetrain > Transfer Case Input Shaft Seal,
2006 > GMC > YUKON XL 1500 > V8-325 5.3L > Drivetrain > Transfer Case Input Shaft Seal,
2007 > GMC > YUKON XL 1500 > V8-325 5.3L > Drivetrain > Transfer Case Input Shaft Seal,
2007 > GMC > YUKON XL 1500 > V8-376 6.2L > Drivetrain > Transfer Case Input Shaft Seal,
2000 > GMC > YUKON XL 2500 > V8-364 6.0L > Drivetrain > Transfer Case Input Shaft Seal,
2001 > GMC > YUKON XL 2500 > V8-364 6.0L > Drivetrain > Transfer Case Input Shaft Seal,
2002 > GMC > YUKON XL 2500 > V8-364 6.0L > Drivetrain > Transfer Case Input Shaft Seal,
2003 > GMC > YUKON XL 2500 > V8-364 6.0L > Drivetrain > Transfer Case Input Shaft Seal,
2004 > GMC > YUKON XL 2500 > V8-364 6.0L > Drivetrain > Transfer Case Input Shaft Seal,
2005 > GMC > YUKON XL 2500 > V8-364 6.0L > Drivetrain > Transfer Case Input Shaft Seal,
2006 > GMC > YUKON XL 2500 > V8-364 6.0L > Drivetrain > Transfer Case Input Shaft Seal,
2007 > GMC > YUKON XL 2500 > V8-364 6.0L > Drivetrain > Transfer Case Input Shaft Seal,
2001 > GMC > YUKON XL 2500 > V8-495 8.1L > Drivetrain > Transfer Case Input Shaft Seal,
2002 > GMC > YUKON XL 2500 > V8-495 8.1L > Drivetrain > Transfer Case Input Shaft Seal,
2003 > GMC > YUKON XL 2500 > V8-495 8.1L > Drivetrain > Transfer Case Input Shaft Seal,
2004 > GMC > YUKON XL 2500 > V8-495 8.1L > Drivetrain > Transfer Case Input Shaft Seal,
2005 > GMC > YUKON XL 2500 > V8-495 8.1L > Drivetrain > Transfer Case Input Shaft Seal,
2006 > GMC > YUKON XL 2500 > V8-495 8.1L > Drivetrain > Transfer Case Input Shaft Seal,
1998 > OLDSMOBILE > BRAVADA > V6-262 4.3L > Drivetrain > Transfer Case Input Shaft Seal,
1999 > OLDSMOBILE > BRAVADA > V6-262 4.3L > Drivetrain > Transfer Case Input Shaft Seal,
2000 > OLDSMOBILE > BRAVADA > V6-262 4.3L > Drivetrain > Transfer Case Input Shaft Seal,
2001 > OLDSMOBILE > BRAVADA > V6-262 4.3L > Drivetrain > Transfer Case Input Shaft Seal,
